id,rows,cols,scens,stages,total_time,backward_pass_time,iterations,lower_bound,ci_low,ci_high,std_cuts,nonstd_cuts
254,10,30,3,3,13.428608179092407,0.0,5,335.4235632994273,338.76144564283027,343.09855435716986,13,0
254,10,30,3,3,11.961450099945068,0.0,2,334.618823308603,340.991334522793,345.224665477207,6,0
254,10,30,3,3,13.345209121704102,3.117730464,5,335.79181525042793,338.00627023341235,342.56172976658786,13,0
